{
  "homography": [
    [
      2.561349222873087,
      0.49978648726660496,
      -142.6342875188942
    ],
    [
      0.03829268340190856,
      2.876529242359034,
      -121.61282563106016
    ],
    [
      0.00035341896101061894,
      0.0001702624269914803,
      1.0
    ]
  ],
  "meta": {
    "thermal_size": [
      320,
      248
    ],
    "nir_size": [
      640,
      480
    ],
    "thermal_native": [
      80,
      62
    ],
    "scale_to_native": [
      4.0,
      4.0
    ]
  }
}