bucket,n_frames,mean_after_log_rms,mean_after_pct_sat,mean_after_pct_crushed,mean_after_entropy
A,270,1.22944,0.078418,0.000269,6.91043
B,270,1.51666,0.015789,0.003966,6.82537
C,270,1.33682,0.00113,0.179181,6.30471
D,270,0.98821,0.010177,0.182903,6.33667
E,270,1.32399,0.017735,0.179181,6.35884
F,270,1.28986,0.027148,0.003297,6.87954
