{
  "0.0": 296.05333571901826,
  "0.1": 436.12366875799404,
  "0.2": 744.2116905787293,
  "0.3": 1112.261120899657,
  "0.5": 1956.3253128126491,
  "0.8": 3289.8314185970967,
  "1.0": 3942.144891036559
}