stage,throughput_ms,quality_ms
Bucket A (Night),2.8870083403307945,3.246710819657892
Bucket B (CLAHE),1.714155840454623,1.714155840454623
Bucket C (Anti-Glare),2.01490749954246,2.01490749954246
Bucket D (Dehaze),0.87628417997621,0.87628417997621
Bucket E (Rain),1.2966683402191848,1.2966683402191848
Thermal 3D-NR,0.007447499083355069,0.007447499083355069
Alpha Fusion,0.2611458406317979,0.2611458406317979
